Target,Prediction,Input,Project,Floor,RoomNo,Area,Volume,RoomHeight
Flex-/ Co-Work/,,Flex-Work Area,5,EG_OKRFB,D0 17,64,240.73,0
Einzel-/Zweierbüros,,Allg. & Gruppenleitung,5,EG_OKRFB,D0 14,17,63.93,0
Einzel-/Zweierbüros,,Azubi,5,EG_OKRFB,D0 16,8,31.23,0
Einzel-/Zweierbüros,,Post / Kopieren,5,EG_OKRFB,D0 24a/b,8,30.48,0
Technikum,,Technikum,5,EG_OKRFB,D0 28,99,371.56,0
Smart Farming,,Smartfarming,5,EG_OKRFB,D0 08,98,366.54,0
Robotik,,I4.4 & Robotik,5,EG_OKRFB,D0 01,97,362.93,0
"Verkehrsflächen, Flure",,Flur,5,EG_OKRFB,D0 27a/b,70,261.73,0
"Verkehrsflächen, Flure",,Flur,5,EG_OKRFB,Mo0 01,73,273.01,0
WCs,,WC Herren,5,EG_OKRFB,Mo 06.1,3,11.91,0
WCs,,WC B,5,EG_OKRFB,Mo0 02,9,35.54,0
WCs,,WC Frauen,5,EG_OKRFB,Mo0 04,3,12.57,0
WCs,,WC Herren,5,EG_OKRFB,Mo0 06,2,6.59,0
Putzmittel/ Lager,,Putzraum,5,EG_OKRFB,Mo0 05,2,5.94,0
Serverräume,,Serverraum,5,EG_OKRFB,D0 26,8,28.99,0
ELT-Schacht,,ELT,5,EG_OKRFB,Mw0 04,3,10.88,0
Treppenhäuser,,Treppe/Flur,5,EG_OKRFB,Mw 0 01/02,41,153.09,0
Schächte,,Installationsschacht,5,EG_OKRFB,D0 25,8,28.99,0
Schächte,,Installationsschacht,5,EG_OKRFB,Mw0 03,3,11.42,0
Aufzüge,,Aufzug,5,EG_OKRFB,Mo0 03,9,32.71,0
Flex-/ Co-Work/,,Co-Working,5,OG1_OKRFB,D1 02,205,614.59,0
Flex-/ Co-Work/,,Co-Working Space,5,OG1_OKRFB,D1 19,37,109.52,0
Flex-/ Co-Work/,,Postlager/Teeküche/Kopieren,5,OG1_OKRFB,D1 01a/b/c,0,0,0
Einzel-/Zweierbüros,,Allg. & Gruppenleitung,5,OG1_OKRFB,D1 23,17,50.63,0
Einzel-/Zweierbüros,,Wiss. Mitarbeiter,5,OG1_OKRFB,D1 14,8,24.51,0
Einzel-/Zweierbüros,,Wiss. Mitarbeiter,5,OG1_OKRFB,D1 15,8,25.04,0
Einzel-/Zweierbüros,,Wiss. Mitarbeiter,5,OG1_OKRFB,D1 16,8,24.73,0
Einzel-/Zweierbüros,,Wiss. Mitarbeiter,5,OG1_OKRFB,D1 17,8,24.73,0
Einzel-/Zweierbüros,,Wiss. Mitarbeiter,5,OG1_OKRFB,D1 18,8,24.73,0
"Verkehrsflächen, Flure",,Flur,5,OG1_OKRFB,D1 27,67,202.36,0
"Verkehrsflächen, Flure",,Flur,5,OG1_OKRFB,Mo1 01,57,170.66,0
WCs,,WC Herren,5,OG1_OKRFB,Mo 1 06.1,3,9.58,0
WCs,,WC Damen,5,OG1_OKRFB,Mo1 04,3,10.05,0
WCs,,WC Herren,5,OG1_OKRFB,Mo1 06,2,5.3,0
Putzmittel/ Lager,,Putzraum,5,OG1_OKRFB,Mo1 05,2,4.75,0
Lager innenliegend,,Lager,5,OG1_OKRFB,Mo1 02,9,28.45,0
Serverräume,,Serverraum,5,OG1_OKRFB,D1 26,8,23.25,0
ELT-Schacht,,ELT,5,OG1_OKRFB,Mw1 04,3,8.75,0
Treppenhäuser,,Treppe/Flur,5,OG1_OKRFB,Mw1 01/02,41,122.92,0
Schächte,,Installationsschacht,5,OG1_OKRFB,D1 25,8,23.25,0
Schächte,,Installationsschacht,5,OG1_OKRFB,Mw1 03,3,9.28,0
Aufzüge,,Aufzug,5,OG1_OKRFB,Mo1 03,9,26.1,0
Flex-/ Co-Work/,,Flexwork,5,OG2_OKRFB,D2 06,126,378.75,0
Einzel-/Zweierbüros,,Allg. & Gruppenleitung,5,OG2_OKRFB,D2 21,17,51.22,0
Einzel-/Zweierbüros,,Wiss. Mitarbeiter,5,OG2_OKRFB,D2 14,8,24.51,0
Einzel-/Zweierbüros,,Wiss. Mitarbeiter,5,OG2_OKRFB,D2 15,8,25.04,0
Einzel-/Zweierbüros,,Wiss. Mitarbeiter,5,OG2_OKRFB,D2 16,8,24.73,0
Einzel-/Zweierbüros,,Wiss. Mitarbeiter,5,OG2_OKRFB,D2 17,8,25.04,0
Einzel-/Zweierbüros,,Wiss. Mitarbeiter,5,OG2_OKRFB,D2 18,8,24.73,0
Einzel-/Zweierbüros,,Doktorand,5,OG2_OKRFB,D2 19,17,51.87,0
Einzel-/Zweierbüros,,Wiss. Mitarbeiter,5,OG2_OKRFB,D2 23,8,25.04,0
Einzel-/Zweierbüros,,Wiss. Mitarbeiter,5,OG2_OKRFB,D2 24,8,24.45,0
"Verkehrsflächen, Flure",,Flur,5,OG2_OKRFB,D2 07,67,202.31,0
"Verkehrsflächen, Flure",,Flur,5,OG2_OKRFB,Mo2 01,57,170.71,0
WCs,,WC Damen,5,OG2_OKRFB,Mo2 04,3,10.05,0
WCs,,WC Herren,5,OG2_OKRFB,Mo2 06,2,5.3,0
WCs,,WC Herren,5,OG2_OKRFB,Mo2 06.1,3,9.58,0
Putzmittel/ Lager,,Putzraum,5,OG2_OKRFB,Mo2 05,2,4.75,0
Lager innenliegend,,Lager,5,OG2_OKRFB,Mo2 02,10,28.52,0
Serverräume,,Serverraum,5,OG2_OKRFB,D2 26,8,23.25,0
ELT-Schacht,,ELT,5,OG2_OKRFB,Mw2 04,3,8.75,0
Treppenhäuser,,Treppe/Flur,5,OG2_OKRFB,Mw2 01/02,41,122.9,0
Schächte,,Installationsschacht,5,OG2_OKRFB,D2 25,8,23.25,0
Schächte,,Installationsschacht,5,OG2_OKRFB,Mw2 03,3,9.28,0
Aufzüge,,Aufzug,5,OG2_OKRFB,MO2 03,9,26.17,0
Serminarraum,,Seminar,5,OG2_OKRFB,D2 02,102,305.14,0
Flex-/ Co-Work/,,Entwicklungslabor,5,OG3_OKRFB,D3 06,64,192.7,0
Flex-/ Co-Work/,,Flex-Work,5,OG3_OKRFB,D3 09,86,259.48,0
Flex-/ Co-Work/,,Co-Working,5,OG3_OKRFB,D3 02,49,146.13,0
Einzel-/Zweierbüros,,Allg. & Gruppenleitung,5,OG3_OKRFB,D3 21,17,51.22,0
Einzel-/Zweierbüros,,Wiss. Mitarbeiter,5,OG3_OKRFB,D3 14,8,24.51,0
Einzel-/Zweierbüros,,Wiss. Mitarbeiter,5,OG3_OKRFB,D3 15,8,25.04,0
Einzel-/Zweierbüros,,Wiss. Mitarbeiter,5,OG3_OKRFB,D3 16,8,24.73,0
Einzel-/Zweierbüros,,Wiss. Mitarbeiter,5,OG3_OKRFB,D3 17,8,25.04,0
Einzel-/Zweierbüros,,Wiss. Mitarbeiter,5,OG3_OKRFB,D3 18,8,24.73,0
Einzel-/Zweierbüros,,Doktorand,5,OG3_OKRFB,D3 19,17,51.87,0
Einzel-/Zweierbüros,,Wiss. Mitarbeiter,5,OG3_OKRFB,D3 23,8,25.04,0
Einzel-/Zweierbüros,,Sekretariat,5,OG3_OKRFB,D3 24,8,24.45,0
"Verkehrsflächen, Flure",,Flur,5,OG3_OKRFB,D3 27,67,202.31,0
"Verkehrsflächen, Flure",,Flur,5,OG3_OKRFB,Mo3 01,57,170.76,0
WCs,,WC Frauen,5,OG3_OKRFB,Mo3 04,3,10.05,0
WCs,,WC Herren,5,OG3_OKRFB,Mo3 06,2,5.3,0
WCs,,WC Herren,5,OG3_OKRFB,MO3 06.1,3,9.58,0
Putzmittel/ Lager,,Putzraum,5,OG3_OKRFB,Mo3 05,2,4.75,0
Serverräume,,Serverraum,5,OG3_OKRFB,D3 26,8,23.25,0
ELT-Schacht,,ELT,5,OG3_OKRFB,Mw3 04,3,8.75,0
Treppenhäuser,,Treppe/Flur,5,OG3_OKRFB,Mw3 01/02,41,122.9,0
Schächte,,Installationsschacht,5,OG3_OKRFB,D3 25,8,23.25,0
Schächte,,Installationsschacht,5,OG3_OKRFB,Mw3 03,3,9.28,0
Aufzüge,,Aufzug,5,OG3_OKRFB,Mo3 03,9,26.16,0
Diele,,Diele,5,OG3_OKRFB,Mo3 02,10,28.6,0
Flex-/ Co-Work/,,Social-Area/Flex-Work/Co-Work,5,OG4_OKRFB,D4 01/04/10,176,527.69,0
Einzel-/Zweierbüros,,Wiss. Mitarbeiter,5,OG4_OKRFB,D4 15,9,25.99,0
Einzel-/Zweierbüros,,Wiss. Mitarbeiter,5,OG4_OKRFB,D4 16,9,26.55,0
Einzel-/Zweierbüros,,Wiss. Mitarbeiter,5,OG4_OKRFB,D4 17,9,26.24,0
Einzel-/Zweierbüros,,Wiss. Mitarbeiter,5,OG4_OKRFB,D4 18,9,26.55,0
Einzel-/Zweierbüros,,Wiss. Mitarbeiter,5,OG4_OKRFB,D4 19,9,26.24,0
Einzel-/Zweierbüros,,Wiss. Mitarbeiter,5,OG4_OKRFB,D4 20,9,26.55,0
Einzel-/Zweierbüros,,Wiss. Mitarbeiter,5,OG4_OKRFB,D4 21,9,26.55,0
Einzel-/Zweierbüros,,Allg. & Gruppenleitung,5,OG4_OKRFB,D4 22,18,54.35,0
Einzel-/Zweierbüros,,Wiss. Mitarbeiter,5,OG4_OKRFB,D4 23,9,26.55,0
Einzel-/Zweierbüros,,Techniker,5,OG4_OKRFB,D4 24,9,25.92,0
"Verkehrsflächen, Flure",,Flur,5,OG4_OKRFB,D4 07,67,202.31,0
"Verkehrsflächen, Flure",,Flur,5,OG4_OKRFB,Mo4 01,57,172.35,0
WCs,,WC Frauen,5,OG4_OKRFB,Mo4 04,3,10.05,0
WCs,,WC Herren,5,OG4_OKRFB,Mo4 06,2,5.3,0
WCs,,WC Herren,5,OG4_OKRFB,MO4 06.1,3,9.58,0
Putzmittel/ Lager,,Putzmittel / Lager,5,OG4_OKRFB,Mo4 02,10,28.52,0
Putzmittel/ Lager,,Putzraum,5,OG4_OKRFB,MO4 05,2,4.75,0
Serverräume,,Serverraum,5,OG4_OKRFB,D4 26,8,23.24,0
ELT-Schacht,,ELT,5,OG4_OKRFB,Mw4 04,3,8.75,0
Treppenhäuser,,Treppe/Flur,5,OG4_OKRFB,Mw4 01/02,41,122.92,0
Schächte,,Installationsschacht,5,OG4_OKRFB,Mw4 03,3,9.28,0
Schächte,,Installationsschacht,5,OG4_OKRFB,D4 25,8,23.24,0
Aufzüge,,Aufzug,5,OG4_OKRFB,MO4 03,9,26.17,0
Flex-/ Co-Work/,,Post/Teeküche/Kopierer,5,OG5_OKRFB,D5 01a/b/c,15,43.7,0
Flex-/ Co-Work/,,Co-Working,5,OG5_OKRFB,DU5 14,29,85.84,0
Einzel-/Zweierbüros,,Allg. & Gruppenleitung,5,OG5_OKRFB,D5 21,18,54.35,0
Einzel-/Zweierbüros,,Wiss. Mitarbeiter,5,OG5_OKRFB,D5 17,9,26.24,0
Einzel-/Zweierbüros,,Wiss. Mitarbeiter,5,OG5_OKRFB,D5 18,9,26.24,0
Einzel-/Zweierbüros,,Wiss. Mitarbeiter,5,OG5_OKRFB,D5 19,9,26.55,0
Einzel-/Zweierbüros,,Wiss. Mitarbeiter,5,OG5_OKRFB,D5 20,9,26.55,0
Einzel-/Zweierbüros,,Wiss. Mitarbeiter,5,OG5_OKRFB,D5 23,9,26.55,0
Einzel-/Zweierbüros,,Techniker,5,OG5_OKRFB,D5 24,9,25.92,0
"Verkehrsflächen, Flure",,Flur,5,OG5_OKRFB,D5 27,70,210.4,0
"Verkehrsflächen, Flure",,Flur,5,OG5_OKRFB,Mo5 01,57,172.37,0
WCs,,WC Frauen,5,OG5_OKRFB,Mo5 04,3,10.05,0
WCs,,WC Herren,5,OG5_OKRFB,Mo5 06,2,5.3,0
WCs,,WC Herren,5,OG5_OKRFB,Mo5 06.1,3,9.58,0
Putzmittel/ Lager,,Putzraum,5,OG5_OKRFB,Mo5 05,2,4.75,0
Putzmittel/ Lager,,Putzmittel / Lager,5,OG5_OKRFB,Mw5 04,3,8.75,0
Lager innenliegend,,Lager,5,OG5_OKRFB,Mo5 02,10,28.52,0
Serverräume,,Serverraum,5,OG5_OKRFB,D5 26,8,23.24,0
Treppenhäuser,,Treppe/Flur,5,OG5_OKRFB,Mw5 01/02,41,122.95,0
Schächte,,Installationsschacht,5,OG5_OKRFB,D5 25,8,23.24,0
Schächte,,Installationsschacht,5,OG5_OKRFB,Mw5 03,3,9.26,0
Aufzüge,,Aufzug,5,OG5_OKRFB,Mo5 03,9,26.17,0
Serminarraum,,Seminarraum,5,OG5_OKRFB,D5 02,61,182.09,0
Serminarraum,,Seminarraum,5,OG5_OKRFB,D5 06,61,182.09,0
Serminarraum,,Seminarraum,5,OG5_OKRFB,D5 10,60,180.66,0
"Verkehrsflächen, Flure",,Flur,5,U1_OKRFB,DMoU 01,51,188.88,0
"Verkehrsflächen, Flure",,Flur,5,U1_OKRFB,DU 27,76,279.49,0
ELT-Zentrale,,Datenraum Allgemein,5,U1_OKRFB,DMoU 04,20,72.41,0
ELT-Zentrale,,NSHV Raum AV Netz,5,U1_OKRFB,DU 20,16,59.84,0
ELT-Zentrale,,BOS Funk / BMZ,5,U1_OKRFB,DU 19,10,35.1,0
ELT-Zentrale,,Batterieraum,5,U1_OKRFB,DU 22,11,39.31,0
ELT-Zentrale,,USV Raum,5,U1_OKRFB,DU 23,12,44.93,0
Lager innenliegend,,Lager,5,U1_OKRFB,DMoU 02,9,34.45,0
Lager innenliegend,,Lager,5,U1_OKRFB,DU 11,43,156.86,0
Lager innenliegend,,Lager,5,U1_OKRFB,DU 14,42,154.96,0
TGA-Zentrale,,RLHK Zentrale,5,U1_OKRFB,DU 01,146,609.74,0
TGA-Zentrale,,SAN Zentrale,5,U1_OKRFB,DMwU 03,13,47.95,0
Treppenhäuser,,Treppe,5,U1_OKRFB,DMwU 01,22,81.66,0
Schächte,,Einbringöffnung,5,U1_OKRFB,1,15,57.77,0
Schächte,,Fortluft,5,U1_OKRFB,DU 25,8,28.08,0
Aufzüge,,Aufzug,5,U1_OKRFB,DMoU 03,9,32.1,0
Serverräume,,Redundant IT,8,130 - 1. UNTERGESCHOSS,-,10,39.87,3.99
Technikräume,,Fernwärme Übergabe,8,130 - 1. UNTERGESCHOSS,-,26,102.40,3.94
Schächte,,RLT,8,130 - 1. UNTERGESCHOSS,-,17,77.84,4.58
Technikräume,,ELT,8,130 - 1. UNTERGESCHOSS,-,13,53.09,4.08
Umkleiden,,Umkleide,8,130 - 1. UNTERGESCHOSS,-,16,61.50,3.84
Technikräume,,Hausanschlussraum Elektro,8,130 - 1. UNTERGESCHOSS,-,14,55.13,3.94
Technikräume,,Neutra,8,130 - 1. UNTERGESCHOSS,-,21,82.28,3.92
Serverräume,,RZ 1,8,130 - 1. UNTERGESCHOSS,-,46,181.31,3.94
Technikräume,,Sanitär Zentrale,8,130 - 1. UNTERGESCHOSS,-,30,118.86,3.96
Technikräume,,Sprinkler Zentrale,8,130 - 1. UNTERGESCHOSS,-,249,982.00,3.94
Schächte,,HZG/KLT/SAN-Schacht,8,130 - 1. UNTERGESCHOSS,-,16,70.67,4.42
Technikräume,,Gr. Steigschacht + ELT,8,130 - 1. UNTERGESCHOSS,-,23,91.54,3.98
Putzräume,,Putzraum,8,130 - 1. UNTERGESCHOSS,-,21,84.49,4.02
Aufzüge,,Aufzug,8,130 - 1. UNTERGESCHOSS,-,17,452.76,26.63
technische Flure,,Flur UG,8,130 - 1. UNTERGESCHOSS,-,163,644.90,3.96
technische Flure,,Mediengang UG,8,130 - 1. UNTERGESCHOSS,-,61,254.40,4.17
Aufzüge,,Aufzug,8,130 - 1. UNTERGESCHOSS,R02.6.26,5,22.16,4.43
Duschen,,Dusche,8,130 - 1. UNTERGESCHOSS,R02.6.28,3,10.26,3.42
Duschen,,Dusche,8,130 - 1. UNTERGESCHOSS,R02.6.29,3,10.26,3.42
Duschen,,Dusche,8,130 - 1. UNTERGESCHOSS,R02.6.30,3,10.26,3.42
WCs,,WC,8,130 - 1. UNTERGESCHOSS,R02.6.32,9,32.33,3.59
Treppenhäuser,,Treppenhaus,8,130 - 1. UNTERGESCHOSS,R02.6.33,35,131.99,3.77
technische Flure,,Flur,8,130 - 1. UNTERGESCHOSS,R02.6.36,24,93.22,3.88
technische Flure,,Flur,8,130 - 1. UNTERGESCHOSS,R02.6.37,39,155.18,3.98
Lager,,Lager IT / Warenlieferung,8,130 - 1. UNTERGESCHOSS,R04.10.1,26,101.05,3.89
Lager,,Stuhllager Seminarraum,8,130 - 1. UNTERGESCHOSS,R04.11,18,71.75,3.99
Lager,,Lager Marketing,8,130 - 1. UNTERGESCHOSS,R04.12,10,39.03,3.90
Lager,,Lager Reinigungsdienst,8,130 - 1. UNTERGESCHOSS,R04.13,10,39.20,3.92
Lager,,Archiv Patente,8,130 - 1. UNTERGESCHOSS,R04.16,38,151.67,3.99
Lager,,Lager Büromöbel,8,130 - 1. UNTERGESCHOSS,R04.7,14,55.06,3.93
Lager,,Lager Allgemein (Fachabteilung),8,130 - 1. UNTERGESCHOSS,R04.9,86,337.90,3.93
Technikräume Außenspange,,Mittelspannungsschaltanlage / Übergabestation,8,140 - ERDGESCHOSS,-,23,89.90,3.91
Technikräume Außenspange,,NSHV,8,140 - ERDGESCHOSS,-,15,57.59,3.84
Schächte,,RLT,8,140 - ERDGESCHOSS,-,17,77.84,4.58
Lager,,Lager-1,8,140 - ERDGESCHOSS,-,13,59.79,4.60
Lager,,Lager-2,8,140 - ERDGESCHOSS,-,83,369.54,4.45
Lager,,Lager-3,8,140 - ERDGESCHOSS,-,13,59.80,4.60
"Verkehrsflächen, Flure",,Anlieferung,8,140 - ERDGESCHOSS,-,87,389.15,4.47
Laborräume physikalisch,,Labor Süd,8,140 - ERDGESCHOSS,-,86,383.44,4.46
Laborräume physikalisch,,Labor West,8,140 - ERDGESCHOSS,-,106,470.46,4.44
Laborräume chemisch,,Labor Nord,8,140 - ERDGESCHOSS,-,143,637.74,4.46
Laborräume physikalisch,,Sec. Bereich,8,140 - ERDGESCHOSS,-,98,437.17,4.46
Laborräume physikalisch,,Labor Ost,8,140 - ERDGESCHOSS,-,94,418.75,4.45
Putzräume,,Putzraum,8,140 - ERDGESCHOSS,-,13,50.01,3.85
Schächte,,HZG/KLT/SAN-Schacht,8,140 - ERDGESCHOSS,-,16,70.67,4.42
Technikräume,,ELT,8,140 - ERDGESCHOSS,-,14,55.96,4.00
Serverräume,,EDV-1,8,140 - ERDGESCHOSS,-,14,59.84,4.27
Serverräume,,EDV-2,8,140 - ERDGESCHOSS,-,13,59.80,4.60
"Verkehrsflächen, Flure",,Flur EG,8,140 - ERDGESCHOSS,-,206,801.49,3.89
Technikräume,,ELT,8,140 - ERDGESCHOSS,Nicht genutzt,13,52.42,4.03
Einzel-/Zweierbüros,,Einzelbüro,8,140 - ERDGESCHOSS,Nicht genutzt,16,61.00,3.81
Einzel-/Zweierbüros,,Büro,8,140 - ERDGESCHOSS,Nicht genutzt,21,81.69,3.89
Einzel-/Zweierbüros,,Eltern-Kind-Büro,8,140 - ERDGESCHOSS,Nicht genutzt,18,71.33,3.96
Einzel-/Zweierbüros,,Sekreteriat,8,140 - ERDGESCHOSS,Nicht genutzt,19,72.61,3.82
Einzel-/Zweierbüros,,Doppelbüro,8,140 - ERDGESCHOSS,Nicht genutzt,17,68.11,4.01
Einzel-/Zweierbüros,,Doppelbüro,8,140 - ERDGESCHOSS,Nicht genutzt,17,68.11,4.01
Einzel-/Zweierbüros,,Doppelbüro,8,140 - ERDGESCHOSS,Nicht genutzt,17,68.11,4.01
Einzel-/Zweierbüros,,Doppelbüro,8,140 - ERDGESCHOSS,Nicht genutzt,17,68.11,4.01
Aufenthaltsräume/Cafeteria,,Empfangsbereich / Wartefläche,8,140 - ERDGESCHOSS,Nicht genutzt,25,96.44,3.86
Schächte,,RLT(Labor)-Schacht,8,140 - ERDGESCHOSS,Nicht genutzt,35,153.19,4.38
Technikräume,,Gr. Steigschacht + ELT,8,140 - ERDGESCHOSS,Nicht genutzt,22,89.92,4.09
Erste-Hilfe-/Sanitätsraum,,Erste-Hilfe-Raum,8,140 - ERDGESCHOSS,Nicht genutzt,21,81.90,3.90
Aufenthaltsräume/Cafeteria,,Pförtnerraum,8,140 - ERDGESCHOSS,Nicht genutzt,15,59.37,3.96
Seminar-/Besprechungsräume,,Besprechungsräume,8,140 - ERDGESCHOSS,Nicht genutzt,29,111.80,3.86
Werkstatt Labor/Reinraum,,Werkstatt Metall (Technik),8,140 - ERDGESCHOSS,Nicht genutzt,29,109.74,3.78
Technikräume,,NSHV ESV,8,140 - ERDGESCHOSS,Nicht genutzt,37,139.91,3.78
WCs Beh.,,Wc B.,8,140 - ERDGESCHOSS,Nicht genutzt,6,24.55,4.09
WCs,,Wc D.,8,140 - ERDGESCHOSS,Nicht genutzt,13,50.66,3.90
WCs,,Wc H.,8,140 - ERDGESCHOSS,Nicht genutzt,13,51.23,3.94
"Verkehrsflächen, Flure",,Flur Labor,8,140 - ERDGESCHOSS,Nicht genutzt,224,993.70,4.44
"Verkehrsflächen, Flure",,Flur / ZBV,8,140 - ERDGESCHOSS,Nicht genutzt,83,321.88,3.88
Aufenthaltsräume/Cafeteria,,Empfangsbereich / Wartefläche EG,8,140 - ERDGESCHOSS,Nicht genutzt,111,434.75,3.92
Aufenthaltsräume/Cafeteria,,Gemeinschaftsraum,8,140 - ERDGESCHOSS,R01.1,21,83.56,3.98
Aufenthaltsräume/Cafeteria,,Gemeinschaftsraum / Cafeteria,8,140 - ERDGESCHOSS,R01.3,116,454.78,3.92
Lager,,Poststelle,8,140 - ERDGESCHOSS,R02.15,22,87.02,3.96
Drucker-/Kopierräume,,Drucker/Kopierer,8,140 - ERDGESCHOSS,R02.16.5,10,39.70,3.97
Seminar-/Besprechungsräume,,Besprechungsräume,8,140 - ERDGESCHOSS,R02.17.1,29,112.97,3.90
#N/A,,Abfallbehälter,8,140 - ERDGESCHOSS,R02.17.10,26,101.38,3.90
#N/A,,Palleten&Gitterboxen,8,140 - ERDGESCHOSS,R02.17.11,27,106.09,3.93
Technikräume Außenspange,,Notstromaggregat,8,140 - ERDGESCHOSS,R02.17.12,78,309.58,3.97
Seminar-/Besprechungsräume,,Besprechungsräume,8,140 - ERDGESCHOSS,R02.17.2,28,110.12,3.93
#N/A,,IBC Container+Palleten,8,140 - ERDGESCHOSS,R02.17.6,26,104.47,4.02
Aufzüge,,Aufzug,8,140 - ERDGESCHOSS,R02.17.61,5,21.94,4.39
Laborräume physikalisch,,Sec. Bereich,8,140 - ERDGESCHOSS,R02.17.65,24,107.16,4.47
Laborräume physikalisch,,Labor Süd,8,140 - ERDGESCHOSS,R02.17.66,10,44.37,4.44
Windfang,,Eingang,8,140 - ERDGESCHOSS,R02.17.67,7,26.11,3.73
Windfang,,Eingang,8,140 - ERDGESCHOSS,R02.17.68,13,49.78,3.83
#N/A,,Leiter/Treppe,8,140 - ERDGESCHOSS,R02.17.7,7,26.04,3.72
Treppenhäuser,,Treppenhaus,8,140 - ERDGESCHOSS,R02.17.71,24,100.89,4.20
Treppenhäuser,,Treppenhaus,8,140 - ERDGESCHOSS,R02.17.73,26,98.06,3.77
WCs,,WC,8,140 - ERDGESCHOSS,R02.17.74,9,31.90,3.54
Treppenhäuser,,Treppenhaus,8,140 - ERDGESCHOSS,R02.17.75,28,105.02,3.75
"Verkehrsflächen, Flure",,Flur EG,8,140 - ERDGESCHOSS,R02.17.79,49,186.85,3.81
Laborräume physikalisch,,Labor Ost,8,140 - ERDGESCHOSS,R02.17.80,23,102.32,4.45
Laborräume physikalisch,,Labor West,8,140 - ERDGESCHOSS,R02.17.81,101,448.83,4.44
Laborräume physikalisch,,Labor Ost,8,140 - ERDGESCHOSS,R02.17.82,47,207.55,4.42
Laborräume physikalisch,,Labor Ost,8,140 - ERDGESCHOSS,R02.17.83,73,323.42,4.43
Laborräume physikalisch,,Labor Ost,8,140 - ERDGESCHOSS,R02.17.84,55,246.52,4.48
Laborräume physikalisch,,Labor Süd,8,140 - ERDGESCHOSS,R02.17.85,41,184.21,4.49
Laborräume physikalisch,,Sec. Bereich,8,140 - ERDGESCHOSS,R02.17.86,24,106.49,4.44
Laborräume physikalisch,,Labor Nord,8,140 - ERDGESCHOSS,R02.17.87,16,72.28,4.52
Laborräume physikalisch,,Labor Nord,8,140 - ERDGESCHOSS,R02.17.88,82,366.83,4.47
Laborräume chemisch,,Labor Nord,8,140 - ERDGESCHOSS,R02.17.89,25,111.89,4.48
#N/A,,Außenlager Druckbehälter,8,140 - ERDGESCHOSS,R02.17.9,24,94.32,3.93
Laborräume chemisch,,Labor Nord,8,140 - ERDGESCHOSS,R02.17.90,29,127.00,4.38
Laborräume physikalisch,,Sec. Bereich,8,140 - ERDGESCHOSS,R02.17.92,50,220.51,4.41
Einzel-/Zweierbüros,,Doppelbüro,8,140 - ERDGESCHOSS,R02.17.93,17,68.11,4.01
Einzel-/Zweierbüros,,Einzelbüro,8,140 - ERDGESCHOSS,R02.6.5,17,67.00,3.94
Einzel-/Zweierbüros,,Doppelbüro,8,140 - ERDGESCHOSS,R02.7.11,17,68.98,4.06
Einzel-/Zweierbüros,,Doppelbüro,8,140 - ERDGESCHOSS,R02.7.12,17,68.98,4.06
Einzel-/Zweierbüros,,Doppelbüro,8,140 - ERDGESCHOSS,R02.7.16,17,67.58,3.98
Einzel-/Zweierbüros,,Doppelbüro,8,140 - ERDGESCHOSS,R02.7.6,17,68.98,4.06
Großraumbüros,,Mehrpersonenbüro (4 Personen),8,140 - ERDGESCHOSS,R02.8.1,38,149.15,3.93
Großraumbüros,,Mehrpersonenbüro (4 Personen),8,140 - ERDGESCHOSS,R02.8.2,41,160.15,3.91
Großraumbüros,,Mehrpersonenbüro (4 Personen),8,140 - ERDGESCHOSS,R02.8.3,41,160.96,3.93
Großraumbüros,,Mehrpersonenbüro (4 Personen),8,140 - ERDGESCHOSS,R02.8.4,37,144.85,3.91
Lager,,Annahme- und Ausgaberaum Post,8,140 - ERDGESCHOSS,R04.14,11,44.44,4.04
Lager,,Packraum,8,140 - ERDGESCHOSS,R04.15,12,45.70,3.81
"Verkehrsflächen, Flure",,Flur Gemeinschaftsraum,8,140 - ERDGESCHOSS,R04.17,43,167.35,3.89
Lager,,Lager Büromittel,8,140 - ERDGESCHOSS,R04.8,9,36.56,4.06
#N/A,,Trafobox 2,8,140 - ERDGESCHOSS,R08.3.2,10,38.71,3.87
#N/A,,Trafobox 3,8,140 - ERDGESCHOSS,R08.3.3,10,38.71,3.87
#N/A,,Trafobox 4,8,140 - ERDGESCHOSS,R08.3.4,10,38.95,3.90
Schächte,,RLT,8,150 - 1.OBERGESCHOSS,-,17,94.45,5.56
Technikräume,,ELT,8,150 - 1.OBERGESCHOSS,-,13,64.51,4.96
Serverräume,,EDV-1,8,150 - 1.OBERGESCHOSS,-,15,59.27,3.95
Technikräume,,VE- und Reinswasser-Anlage,8,150 - 1.OBERGESCHOSS,-,42,170.00,4.05
Schächte,,RLT(Labor)-Schacht,8,150 - 1.OBERGESCHOSS,-,35,188.01,5.37
Technikräume,,Gr. Steigschacht + ELT,8,150 - 1.OBERGESCHOSS,-,22,110.26,5.01
Schächte,,HZG/KLT/SAN-Schacht,8,150 - 1.OBERGESCHOSS,-,16,85.76,5.36
Technikräume,,NSHV ASV,8,150 - 1.OBERGESCHOSS,-,65,308.26,4.74
Serverräume,,EDV-2,8,150 - 1.OBERGESCHOSS,-,15,59.27,3.95
WCs,,Wc H.,8,150 - 1.OBERGESCHOSS,14,13,63.03,4.85
WCs,,Wc D.,8,150 - 1.OBERGESCHOSS,15,13,62.30,4.79
Technikräume,,Medientechnik,8,150 - 1.OBERGESCHOSS,16,17,82.12,4.83
Putzräume,,Putzraum,8,150 - 1.OBERGESCHOSS,17,10,46.63,4.66
Technikräume,,IT-Raum,8,150 - 1.OBERGESCHOSS,18,26,122.65,4.72
WCs Beh.,,Wc B.,8,150 - 1.OBERGESCHOSS,Nicht genutzt,6,30.46,5.08
Aufenthaltsräume/Cafeteria,,Empfangsbereich / Wartefläche 1.OG,8,150 - 1.OBERGESCHOSS,Nicht genutzt,129,667.89,5.18
Subfab Reinraum,,Sub-Fab,8,150 - 1.OBERGESCHOSS,Nicht genutzt,"1,383.00","4,865.61",3.52
Aufenthaltsräume/Cafeteria,,Aufenthaltsraum mit Teeküche,8,150 - 1.OBERGESCHOSS,R01.4.1,24,114.71,4.78
Großraumbüros,,Mehrpersonenbüro (6 Personen),8,150 - 1.OBERGESCHOSS,R02.10.1,54,261.57,4.84
Großraumbüros,,Mehrpersonenbüro (8 Personen),8,150 - 1.OBERGESCHOSS,R02.11.2,72,345.33,4.80
Einzel-/Zweierbüros,,Büro Betriebsrat,8,150 - 1.OBERGESCHOSS,R02.13,19,89.85,4.73
Drucker-/Kopierräume,,Drucker/Kopierer,8,150 - 1.OBERGESCHOSS,R02.16.1,9,43.65,4.85
Drucker-/Kopierräume,,Drucker/Kopierer,8,150 - 1.OBERGESCHOSS,R02.16.4,10,48.74,4.87
"Verkehrsflächen, Flure",,Flur Seminarraum,8,150 - 1.OBERGESCHOSS,R02.16.6,70,281.07,4.02
"Verkehrsflächen, Flure",,Flur 2 1.OG,8,150 - 1.OBERGESCHOSS,R02.16.7,205,816.46,3.98
Seminar-/Besprechungsräume,,Besprechungsräume,8,150 - 1.OBERGESCHOSS,R02.17.4,27,131.73,4.88
Technikräume,,Schaltraum für betriebstechnische Anlagen,8,150 - 1.OBERGESCHOSS,R02.3,20,94.94,4.75
Einzel-/Zweierbüros,,Büro,8,150 - 1.OBERGESCHOSS,R02.4.2,20,94.13,4.71
Einzel-/Zweierbüros,,Einzelbüro,8,150 - 1.OBERGESCHOSS,R02.6.2,13,64.00,4.92
Einzel-/Zweierbüros,,Einzelbüro,8,150 - 1.OBERGESCHOSS,R02.6.6,13,62.00,4.77
Einzel-/Zweierbüros,,Doppelbüro,8,150 - 1.OBERGESCHOSS,R02.7.10,17,82.12,4.83
Einzel-/Zweierbüros,,Doppelbüro,8,150 - 1.OBERGESCHOSS,R02.7.14,18,87.02,4.83
Einzel-/Zweierbüros,,Doppelbüro,8,150 - 1.OBERGESCHOSS,R02.7.15,18,87.93,4.89
Einzel-/Zweierbüros,,Doppelbüro,8,150 - 1.OBERGESCHOSS,R02.7.17,18,86.91,4.83
Einzel-/Zweierbüros,,Doppelbüro,8,150 - 1.OBERGESCHOSS,R02.7.18,17,83.82,4.93
Einzel-/Zweierbüros,,Doppelbüro,8,150 - 1.OBERGESCHOSS,R02.7.19,17,83.82,4.93
Einzel-/Zweierbüros,,Doppelbüro,8,150 - 1.OBERGESCHOSS,R02.7.20,17,83.82,4.93
Einzel-/Zweierbüros,,Doppelbüro,8,150 - 1.OBERGESCHOSS,R02.7.21,17,83.82,4.93
Einzel-/Zweierbüros,,Doppelbüro,8,150 - 1.OBERGESCHOSS,R02.7.24,17,83.82,4.93
Einzel-/Zweierbüros,,Doppelbüro,8,150 - 1.OBERGESCHOSS,R02.7.25,17,83.82,4.93
Einzel-/Zweierbüros,,Doppelbüro,8,150 - 1.OBERGESCHOSS,R02.7.26,17,83.82,4.93
Einzel-/Zweierbüros,,Doppelbüro,8,150 - 1.OBERGESCHOSS,R02.7.27,17,83.82,4.93
Einzel-/Zweierbüros,,Doppelbüro,8,150 - 1.OBERGESCHOSS,R02.7.35,18,87.94,4.89
Einzel-/Zweierbüros,,Doppelbüro,8,150 - 1.OBERGESCHOSS,R02.7.8,18,86.61,4.81
Lager Labor/Reinraum,,Lager Reinkleidung,8,150 - 1.OBERGESCHOSS,R04.1,29,117.80,4.06
Lager Labor/Reinraum,,Lager nicht brennbare Stoffe,8,150 - 1.OBERGESCHOSS,R04.4,13,54.09,4.16
Lager Labor/Reinraum,,Lager Ex-Schutz: brennbare Stoffe,8,150 - 1.OBERGESCHOSS,R04.5.1,15,59.34,3.96
Lager Labor/Reinraum,,Lager Ex-Schutz: brennbare Stoffe,8,150 - 1.OBERGESCHOSS,R04.5.2,13,54.08,4.16
WCs,,WC,8,150 - 1.OBERGESCHOSS,R04.58,9,39.28,4.36
Aufzüge,,Aufzug,8,150 - 1.OBERGESCHOSS,R04.59,5,26.63,5.33
#N/A,,Lager Reinstgase & Gaswarnanlage,8,150 - 1.OBERGESCHOSS,R04.6,56,226.85,4.05
Treppenhäuser,,Treppenhaus,8,150 - 1.OBERGESCHOSS,R04.64,26,93.41,3.59
Treppenhäuser,,Treppenhaus,8,150 - 1.OBERGESCHOSS,R04.67,24,110.57,4.61
Treppenhäuser,,Treppenhaus,8,150 - 1.OBERGESCHOSS,R04.68,27,100.70,3.73
"Verkehrsflächen, Flure",,Flur,8,150 - 1.OBERGESCHOSS,R04.75,48,229.66,4.78
"Verkehrsflächen, Flure",,Flur,8,150 - 1.OBERGESCHOSS,R04.77,29,137.31,4.73
Seminar-/Besprechungsräume,,Seminarraum ohne festes Gestühl,8,150 - 1.OBERGESCHOSS,R05.1,231,"1,107.78",4.80
Technikräume,,ELT,8,160 - 2.OBERGESCHOSS,-,13,43.01,3.31
Schächte,,RLT(Labor)-Schacht,8,160 - 2.OBERGESCHOSS,-,35,111.41,3.18
Schächte,,HZG/KLT/SAN-Schacht,8,160 - 2.OBERGESCHOSS,-,16,50.82,3.18
Technikräume,,Gr. Steigschacht + ELT,8,160 - 2.OBERGESCHOSS,-,22,63.01,2.86
Umkleiden,,Umkleide,8,160 - 2.OBERGESCHOSS,-,81,216.93,2.68
Schächte,,RLT,8,160 - 2.OBERGESCHOSS,-,17,55.45,3.26
WCs,,Wc D.,8,160 - 2.OBERGESCHOSS,19,13,43.57,3.35
WCs,,Wc H.,8,160 - 2.OBERGESCHOSS,20,13,44.06,3.39
Technikräume,,ELT,8,160 - 2.OBERGESCHOSS,21,14,47.62,3.40
Putzräume,,Putzraum,8,160 - 2.OBERGESCHOSS,22,13,42.24,3.25
WCs Beh.,,Wc B.,8,160 - 2.OBERGESCHOSS,Nicht genutzt,6,20.82,3.47
Reinraumbereiche,,Reinraum,8,160 - 2.OBERGESCHOSS,Nicht genutzt,"1,863.00","5,859.75",3.15
"Verkehrsflächen, Flure",,Flur Drucker/Kopierer,8,160 - 2.OBERGESCHOSS,Nicht genutzt,86,287.85,3.35
Aufenthaltsräume/Cafeteria,,Aufenthaltsraum mit Teeküche,8,160 - 2.OBERGESCHOSS,R01.4.2,17,57.11,3.36
Aufenthaltsräume/Cafeteria,,Aufenthaltsraum mit Teeküche,8,160 - 2.OBERGESCHOSS,R01.4.3,16,53.79,3.36
Großraumbüros,,Mehrpersonenbüro (6 Personen),8,160 - 2.OBERGESCHOSS,R02.10.2,54,182.12,3.37
Großraumbüros,,Mehrpersonenbüro (6 Personen),8,160 - 2.OBERGESCHOSS,R02.10.3,53,178.45,3.37
Großraumbüros,,Mehrpersonenbüro (8 Personen),8,160 - 2.OBERGESCHOSS,R02.11.1,73,243.42,3.33
Drucker-/Kopierräume,,Drucker/Kopierer,8,160 - 2.OBERGESCHOSS,R02.16.2,9,31.48,3.50
Drucker-/Kopierräume,,Drucker/Kopierer,8,160 - 2.OBERGESCHOSS,R02.16.3,10,32.53,3.25
Treppenhäuser,,Treppenhaus,8,160 - 2.OBERGESCHOSS,R02.16.44,23,61.58,2.68
Aufzüge,,Aufzug,8,160 - 2.OBERGESCHOSS,R02.16.47,5,15.78,3.16
Treppenhäuser,,Treppenhaus,8,160 - 2.OBERGESCHOSS,R02.16.51,26,68.66,2.64
Treppenhäuser,,Treppenhaus,8,160 - 2.OBERGESCHOSS,R02.16.54,24,80.32,3.35
WCs,,WC,8,160 - 2.OBERGESCHOSS,R02.16.55,5,12.22,2.44
"Verkehrsflächen, Flure",,Flur,8,160 - 2.OBERGESCHOSS,R02.16.59,49,160.74,3.28
"Verkehrsflächen, Flure",,Flur,8,160 - 2.OBERGESCHOSS,R02.16.60,29,95.92,3.31
Aufenthaltsräume/Cafeteria,,Empfangsbereich / Wartefläche 2.OG,8,160 - 2.OBERGESCHOSS,R02.16.61,141,428.63,3.04
Seminar-/Besprechungsräume,,Besprechungsräume,8,160 - 2.OBERGESCHOSS,R02.17.5,29,96.16,3.32
Seminar-/Besprechungsräume,,Besprechungsräume,8,160 - 2.OBERGESCHOSS,R02.17.6,27,90.86,3.37
Seminar-/Besprechungsräume,,Besprechungsräume,8,160 - 2.OBERGESCHOSS,R02.17.7,29,95.81,3.30
Einzel-/Zweierbüros,,Einzelbüro,8,160 - 2.OBERGESCHOSS,R02.6.1,16,53.46,3.34
Einzel-/Zweierbüros,,Einzelbüro,8,160 - 2.OBERGESCHOSS,R02.6.3,17,57.31,3.37
Einzel-/Zweierbüros,,Doppelbüro,8,160 - 2.OBERGESCHOSS,R02.7.1,20,65.74,3.29
Einzel-/Zweierbüros,,Doppelbüro,8,160 - 2.OBERGESCHOSS,R02.7.2,17,58.50,3.44
Einzel-/Zweierbüros,,Doppelbüro,8,160 - 2.OBERGESCHOSS,R02.7.23,19,62.37,3.28
Einzel-/Zweierbüros,,Doppelbüro,8,160 - 2.OBERGESCHOSS,R02.7.3,17,58.50,3.44
Einzel-/Zweierbüros,,Doppelbüro,8,160 - 2.OBERGESCHOSS,R02.7.30,17,58.50,3.44
Einzel-/Zweierbüros,,Doppelbüro,8,160 - 2.OBERGESCHOSS,R02.7.31,17,58.50,3.44
Einzel-/Zweierbüros,,Doppelbüro,8,160 - 2.OBERGESCHOSS,R02.7.32,17,58.50,3.44
Einzel-/Zweierbüros,,Doppelbüro,8,160 - 2.OBERGESCHOSS,R02.7.33,20,65.74,3.29
Einzel-/Zweierbüros,,Doppelbüro,8,160 - 2.OBERGESCHOSS,R02.7.34,17,57.14,3.36
Einzel-/Zweierbüros,,Doppelbüro,8,160 - 2.OBERGESCHOSS,R02.7.4,17,58.50,3.44
Einzel-/Zweierbüros,,Doppelbüro,8,160 - 2.OBERGESCHOSS,R02.7.5,17,58.50,3.44
Einzel-/Zweierbüros,,Doppelbüro,8,160 - 2.OBERGESCHOSS,R02.7.9,17,58.50,3.44
Großraumbüros,,Büro Studenten / Hilfwissenschaftler,8,160 - 2.OBERGESCHOSS,R02.9.1,26,85.95,3.31
Großraumbüros,,Büro Studenten / Hilfwissenschaftler,8,160 - 2.OBERGESCHOSS,R02.9.2,28,92.43,3.30
Großraumbüros,,Büro Studenten / Hilfwissenschaftler,8,160 - 2.OBERGESCHOSS,R02.9.3,28,94.11,3.36
Großraumbüros,,Büro Studenten / Hilfwissenschaftler,8,160 - 2.OBERGESCHOSS,R02.9.4,28,92.43,3.30
Großraumbüros,,Büro Studenten / Hilfwissenschaftler,8,160 - 2.OBERGESCHOSS,R02.9.5,28,94.11,3.36
Aufenthaltsräume/Cafeteria,,Demozentrum Ausstellungs-/ Musterraum,8,160 - 2.OBERGESCHOSS,R04.17,53,178.80,3.37
Schächte,,RLT,8,170 - 3.OBERGESCHOSS,-,17,80.29,4.72
Schächte,,HZG/KLT/SAN-Schacht,8,170 - 3.OBERGESCHOSS,-,16,73.05,4.57
Schächte,,RLT(Labor)-Schacht,8,170 - 3.OBERGESCHOSS,-,35,160.16,4.58
Technikräume,,Gr. Steigschacht + ELT,8,170 - 3.OBERGESCHOSS,-,23,95.41,4.15
Technikräume,,ELT,8,170 - 3.OBERGESCHOSS,-,13,9.34,0.72
WCs,,WC,8,170 - 3.OBERGESCHOSS,32,9,33.57,3.73
Aufzüge,,Aufzugüberfahrt?,8,170 - 3.OBERGESCHOSS,33,5,20.42,4.08
Treppenhäuser,,Treppenhaus,8,170 - 3.OBERGESCHOSS,56,27,107.09,3.97
Treppenhäuser,,Treppenhaus,8,170 - 3.OBERGESCHOSS,57,26,101.16,3.89
"Verkehrsflächen, Flure",,Flur 3.OG,8,170 - 3.OBERGESCHOSS,59,204,835.20,4.09
Plenum Reinraum,,Plenum,8,170 - 3.OBERGESCHOSS,Nicht genutzt,"1,635.00","6,704.22",4.10
Werkstatt Labor/Reinraum,,Werkstatt allg.,8,170 - 3.OBERGESCHOSS,R03.3,25,103.25,4.13
Werkstatt Labor/Reinraum,,Werkstatt Holz / Kunststoff (Technik),8,170 - 3.OBERGESCHOSS,R03.4,38,157.29,4.14
"Verkehrsflächen, Flure",,Flur 3.OG,8,170 - 3.OBERGESCHOSS,R03.5,16,13.14,0.82
Werkstatt Labor/Reinraum,,Hausmeisterwerkstatt,8,170 - 3.OBERGESCHOSS,R03.6,26,104.86,4.03
Erste-Hilfe-/Sanitätsraum,,Erste-Hilfe-Raum,8,170 - 3.OBERGESCHOSS,R06.1.2,22,90.76,4.13
Serverräume,,RZ 2,8,180 - 4.OBERGESCHOSS,-,40,201.73,5.04
Schächte,,Schacht,8,180 - 4.OBERGESCHOSS,-,23,114.33,4.97
Technikräume,,RLT Reinraum,8,180 - 4.OBERGESCHOSS,-,726,"3,627.05",5.00
Technikräume,,Heiz -Kälte Zentrale,8,180 - 4.OBERGESCHOSS,-,209,"1,044.54",5.00
Technikräume,,IT-Raum,8,180 - 4.OBERGESCHOSS,-,15,74.59,4.97
Technikräume,,Druckluft Zentrale,8,180 - 4.OBERGESCHOSS,-,27,136.29,5.05
Technikräume,,RLT Labor Büro,8,180 - 4.OBERGESCHOSS,-,350,"1,747.82",4.99
Einzel-/Zweierbüros,,ZBA,8,180 - 4.OBERGESCHOSS,-,10,50.50,5.05
Technikräume,,USV,8,180 - 4.OBERGESCHOSS,-,25,126.19,5.05
Technikräume,,GLT,8,180 - 4.OBERGESCHOSS,-,8,41.60,5.20
Technikräume,,ELT,8,180 - 4.OBERGESCHOSS,-,13,67.20,5.17
Schächte,,RLT,8,180 - 4.OBERGESCHOSS,-,23,117.07,5.09
Technikräume,,BOS,8,180 - 4.OBERGESCHOSS,-,10,50.50,5.05
Technikräume,,BMA,8,180 - 4.OBERGESCHOSS,-,10,50.50,5.05
Technikräume,,ELA-2,8,180 - 4.OBERGESCHOSS,-,10,50.50,5.05
Lager,,ZBV-2,8,180 - 4.OBERGESCHOSS,-,37,187.20,5.06
Schächte,,HZG/KLT/SAN-Schacht,8,180 - 4.OBERGESCHOSS,Nicht genutzt,16,79.41,4.96
Technikräume,,Gr. Steigschacht + ELT,8,180 - 4.OBERGESCHOSS,Nicht genutzt,23,112.58,4.89
Treppenhäuser,,TRH Dach,8,180 - 4.OBERGESCHOSS,Nicht genutzt,265,"1,312.33",4.95
WCs,,WC,8,180 - 4.OBERGESCHOSS,R03.29,9,40.93,4.55
"Verkehrsflächen, Flure",,Flur,8,180 - 4.OBERGESCHOSS,R03.32,8,37.66,4.71
Treppenhäuser,,Treppenhaus,8,180 - 4.OBERGESCHOSS,R03.35,27,136.33,5.05
Schächte,,RLT,8,180 - 4.OBERGESCHOSS,R03.36,35,174.08,4.97
Treppenhäuser,,Treppenhaus,8,180 - 4.OBERGESCHOSS,R03.37,26,129.09,4.97
Lager,,Lager IT / Warenlieferung,8,180 - 4.OBERGESCHOSS,R04.10.1,30,151.28,5.04
Lager,,Lager Geräte,8,180 - 4.OBERGESCHOSS,R04.2.1,18,92.47,5.14
Lager,,Lager Geräte,8,180 - 4.OBERGESCHOSS,R04.2.2,19,95.81,5.04
Lager,,Lager Geräte,8,180 - 4.OBERGESCHOSS,R04.2.3,12,61.54,5.13
Lager,,Lager Technik / Technische Anlagen,8,180 - 4.OBERGESCHOSS,R04.3.1,64,318.69,4.98
Lager,,Lager Technik / Technische Anlagen,8,180 - 4.OBERGESCHOSS,R04.3.2,80,401.63,5.02
Lkw-Halle,,LKW-Halle,10,EG0_Garage,18,220,"1,100.69",5
Büros und Räume ähnlicher Nutzung,,Büro,10,EG0_OKFFB,1,20,86.35,4.32
WC's,,WC-H,10,EG0_OKFFB,10,3,14.7,4.9
WC's,,WC-D,10,EG0_OKFFB,11,3,13.48,4.49
"Verkehrsflächen, Flure",,Flur,10,EG0_OKFFB,12,7,29.8,4.26
"Verkehrsflächen, Flure",,Vorr.,10,EG0_OKFFB,13,6,25.42,4.24
"Besprechungs-, Verkaufsräume",,Verkauf,10,EG0_OKFFB,14,85,364.21,4.28
Werkstätten,,Werkstatt,10,EG0_OKFFB,15,360,"1,510.28",4.2
Lager,,Anlieferung/Lager,10,EG0_OKFFB,16,86,360.79,4.2
Außenbereich,,Karkassenlager,10,EG0_OKFFB,17,92,275.21,2.99
Technikräume,,HA.,10,EG0_OKFFB,2,5,19.88,3.98
Beh. WC's,,WC-BEH.,10,EG0_OKFFB,3,5,21.69,4.34
Aufenthaltsräume,,Sozialraum,10,EG0_OKFFB,4,29,124.53,4.29
Umkleiden,,Umkleide,10,EG0_OKFFB,5,19,80.71,4.25
Duschen,,DU. 1,10,EG0_OKFFB,8,2,9.46,4.73
Duschen,,DU. 2,10,EG0_OKFFB,9,2,9.46,4.73
Reifenlager,,Reifenlager,10,OG1_OKRFB,19,624,"3,419.49",5.48
Hausanschlussraum,,Haustechnik,10,OG1_OKRFB,20,25,70.11,2.8
Aufenthaltsräume,,Aufenthalt / Catering,3,OKFFB EG,01.01.02,17.000,78.950,5.040
Serverräume,,Server,3,OKFFB EG,02.11.01,21.000,96.980,5.040
Einzel-/Zweierbüros,,HtD,3,OKFFB EG,02.14.01,13.000,59.780,5.040
Laborräume,,ETS Lab,3,OKFFB EG,03.01.01,28.000,127.940,5.040
Laborräume,,ETH Lab,3,OKFFB EG,03.02.01,41.000,190.250,5.040
Laborräume,,I Lab / DT Lab / Demo,3,OKFFB EG,03.03.01,84.000,389.050,5.040
Lager innenliegend,,Garderobe/ Stuhllager,3,OKFFB EG,04.00.00,8.000,35.190,5.040
Lager m. Fenster,,Lager FM,3,OKFFB EG,04.01.03,23.000,106.950,5.040
Lager m. Fenster,,Lager Labore,3,OKFFB EG,04.01.04,27.000,126.670,5.040
Seminar-/Besprechungsräume,,Seminarraum,3,OKFFB EG,05.01.01,129.000,600.230,5.040
WCs Beh.,,WC B,3,OKFFB EG,07.00.00,6.000,14.380,5.040
WCs,,WC H,3,OKFFB EG,07.00.00,6.000,15.600,5.040
WCs,,WC D,3,OKFFB EG,07.00.00,8.000,19.250,5.040
Duschen,,Duschen,3,OKFFB EG,07.00.00,7.000,17.040,5.040
Schächte,,Schacht,3,OKFFB EG,08.00.00,1.000,4.450,5.040
ELT-DV,,HAR ELT,3,OKFFB EG,08.01.01,17.000,79.400,5.040
Technikräume,,SAN-Zentrale,3,OKFFB EG,08.02.01,17.000,79.590,5.040
Treppenhäuser,,TH1,3,OKFFB EG,09.00.00,18.000,84.110,5.040
Treppenhäuser,,TH2,3,OKFFB EG,09.00.00,14.000,67.170,5.040
Windfang,,Windfang,3,OKFFB EG,09.01.01,21.000,96.780,5.040
Foyers,,Foyer,3,OKFFB EG,09.01.02,102.000,420.340,5.040
"Verkehrsflächen, Flure",,Flur,3,OKFFB EG,09.01.03,8.000,35.940,5.040
"Verkehrsflächen, Flure",,Flur,3,OKFFB EG,09.01.03,14.000,66.770,5.040
"Verkehrsflächen, Flure",,Flur,3,OKFFB EG,09.01.03,18.000,57.000,3.100
Aufzüge,,Aufzug,3,OKFFB EG,12,3.000,16.630,5.040
Aufenthaltsräume,,Aufenthalt / Küche MA,3,OKFFB OG 1,01.01.01,37.000,119.820,3.780
Einzel-/Zweierbüros,,Büro WMA,3,OKFFB OG 1,02.03.01,19.000,63.590,3.780
Einzel-/Zweierbüros,,Büro WMA,3,OKFFB OG 1,02.03.02,21.000,69.710,3.780
Einzel-/Zweierbüros,,Büro WMA,3,OKFFB OG 1,02.03.03,21.000,67.270,3.780
Einzel-/Zweierbüros,,Büro WMA Kind,3,OKFFB OG 1,02.03.04,25.000,82.820,3.780
Einzel-/Zweierbüros,,Büro WMA,3,OKFFB OG 1,02.03.05,25.000,82.820,3.780
Einzel-/Zweierbüros,,Büro TMA,3,OKFFB OG 1,02.04.01,20.000,66.160,3.780
Einzel-/Zweierbüros,,Sekretariat,3,OKFFB OG 1,02.05.01,20.000,66.740,3.780
Einzel-/Zweierbüros,,Sekretariat,3,OKFFB OG 1,02.05.02,20.000,66.230,3.780
Einzel-/Zweierbüros,,Büro WHK,3,OKFFB OG 1,02.06.01,42.000,136.880,3.780
Einzel-/Zweierbüros,,Büro WHK,3,OKFFB OG 1,02.06.02,19.000,63.530,3.780
Einzel-/Zweierbüros,,Auszubildende,3,OKFFB OG 1,02.07.01,20.000,64.430,3.780
Seminar-/Besprechungsräume,,BR klein,3,OKFFB OG 1,02.08.01,20.000,66.000,3.780
Seminar-/Besprechungsräume,,BR gross,3,OKFFB OG 1,02.09.01,51.000,167.310,3.780
Seminar-/Besprechungsräume,,BR gross,3,OKFFB OG 1,02.09.02,51.000,167.320,3.780
Einzel-/Zweierbüros,,KoopP,3,OKFFB OG 1,02.10.01,20.000,66.260,3.780
ELT-Verteiler,,ELT-V,3,OKFFB OG 1,02.12.01b,1.000,4.630,3.100
Drucker-/Kopierräume,,Copy,3,OKFFB OG 1,02.13.01,14.000,45.710,3.780
Erste-Hilfe-/Sanitätsraum,,Sanitätsraum,3,OKFFB OG 1,06.01.01,13.000,40.720,3.100
WCs,,WC D-1,3,OKFFB OG 1,07_01-1,4.000,11.160,3.780
WCs,,WC H-1,3,OKFFB OG 1,07_02-1,3.000,8.080,3.780
Aufzüge,,Aufzug,3,OKFFB OG 1,08.00.00,3.000,12.470,3.780
Schächte,,Schacht,3,OKFFB OG 1,08.00.00,1.000,3.340,3.780
ELT-Verteiler,,ELT-V_DV,3,OKFFB OG 1,08.00.00,1.000,4.630,3.100
Schächte,,Schacht-1,3,OKFFB OG 1,08_09-1,6.000,21.530,3.780
Treppenhäuser,,TH1,3,OKFFB OG 1,09.00.00,14.000,50.220,3.780
Treppenhäuser,,TH2,3,OKFFB OG 1,09.00.00,14.000,50.220,3.780
"Verkehrsflächen, Flure",,Flur,3,OKFFB OG 1,33,92.000,301.940,3.780
Schächte,,Luftraum,3,OKFFB OG 1,35,15.000,50.100,3.780
Einzel-/Zweierbüros,,Büro AL,3,OKFFB OG 2,02.01.01,19.000,63.510,3.780
Einzel-/Zweierbüros,,Büro GL,3,OKFFB OG 2,02.02.01,20.000,66.000,3.780
Einzel-/Zweierbüros,,Büro GL,3,OKFFB OG 2,02.02.02,20.000,66.000,3.780
Einzel-/Zweierbüros,,Büro GL,3,OKFFB OG 2,02.02.03,19.000,63.510,3.780
Einzel-/Zweierbüros,,Büro GL,3,OKFFB OG 2,02.02.04,20.000,66.000,3.780
Einzel-/Zweierbüros,,Büro GL,3,OKFFB OG 2,02.02.05,20.000,66.000,3.780
Einzel-/Zweierbüros,,Büro WMA,3,OKFFB OG 2,02.02.13,21.000,69.670,3.780
Einzel-/Zweierbüros,,Büro WMA,3,OKFFB OG 2,02.02.14,21.000,67.270,3.780
Einzel-/Zweierbüros,,Büro WMA,3,OKFFB OG 2,02.02.15,25.000,82.800,3.780
Einzel-/Zweierbüros,,Büro WMA,3,OKFFB OG 2,02.02.16,25.000,78.260,3.100
Einzel-/Zweierbüros,,Büro WMA,3,OKFFB OG 2,02.03.06,21.000,69.590,3.780
Einzel-/Zweierbüros,,Büro WMA,3,OKFFB OG 2,02.03.07,21.000,67.270,3.780
Einzel-/Zweierbüros,,Büro WMA,3,OKFFB OG 2,02.03.08,25.000,82.800,3.780
Einzel-/Zweierbüros,,Büro WMA,3,OKFFB OG 2,02.03.09,25.000,82.800,3.780
Einzel-/Zweierbüros,,Büro WMA,3,OKFFB OG 2,02.03.10,21.000,67.270,3.780
Einzel-/Zweierbüros,,Büro WMA,3,OKFFB OG 2,02.03.11,21.000,69.640,3.780
Einzel-/Zweierbüros,,Büro WMA,3,OKFFB OG 2,02.03.12,19.000,63.510,3.780
Einzel-/Zweierbüros,,Büro WHK,3,OKFFB OG 2,02.06.03,42.000,136.860,3.780
Einzel-/Zweierbüros,,Büro WHK,3,OKFFB OG 2,02.06.04,19.000,63.510,3.780
Seminar-/Besprechungsräume,,BR klein,3,OKFFB OG 2,02.08.02,15.000,49.790,3.780
Seminar-/Besprechungsräume,,BR klein,3,OKFFB OG 2,02.08.03,20.000,65.100,3.780
ELT-Verteiler,,ELT-V,3,OKFFB OG 2,02.12.01c,1.000,4.630,3.100
ELT-Verteiler,,ELT-V,3,OKFFB OG 2,02.12.01c,1.000,4.630,3.100
Drucker-/Kopierräume,,Copy,3,OKFFB OG 2,02.13.02,11.000,35.200,3.780
WCs,,WC D-2,3,OKFFB OG 2,07_01-2,4.000,11.160,3.780
WCs,,WC H-2,3,OKFFB OG 2,07_02-2,3.000,8.080,3.780
Aufzüge,,Aufzug,3,OKFFB OG 2,08.00.00,3.000,12.470,3.780
ELT-DV,,DV,3,OKFFB OG 2,08.00.00,10.000,33.260,3.780
Schächte,,Schacht-2,3,OKFFB OG 2,08_09-2,6.000,21.530,3.780
Treppenhäuser,,TH1,3,OKFFB OG 2,09.00.00,14.000,50.220,3.780
Treppenhäuser,,TH2,3,OKFFB OG 2,09.00.00,14.000,50.220,3.780
"Verkehrsflächen, Flure",,Flur,3,OKFFB OG 2,79,89.000,291.660,3.780
Schächte,,Schacht,3,OKFFB OG 2,82,1.000,3.340,3.780
Einzel-/Zweierbüros,,Büro GL,3,OKFFB OG 3,02.02.06,20.000,67.000,3.780
Einzel-/Zweierbüros,,Büro GL,3,OKFFB OG 3,02.02.07,20.000,67.000,3.780
Einzel-/Zweierbüros,,Büro GL,3,OKFFB OG 3,02.02.08,19.000,64.480,3.780
Einzel-/Zweierbüros,,Büro GL,3,OKFFB OG 3,02.02.09,19.000,64.480,3.780
Einzel-/Zweierbüros,,Büro GL,3,OKFFB OG 3,02.02.10,20.000,67.000,3.780
Einzel-/Zweierbüros,,Büro GL,3,OKFFB OG 3,02.02.11,20.000,67.000,3.780
Einzel-/Zweierbüros,,Büro WMA,3,OKFFB OG 3,02.02.25,21.000,68.290,3.780
Einzel-/Zweierbüros,,Büro WMA,3,OKFFB OG 3,02.02.26,25.000,83.890,3.780
Einzel-/Zweierbüros,,Büro WMA,3,OKFFB OG 3,02.02.27,25.000,78.430,3.100
Einzel-/Zweierbüros,,Büro WMA,3,OKFFB OG 3,02.03.17,21.000,70.650,3.780
Einzel-/Zweierbüros,,Büro WMA,3,OKFFB OG 3,02.03.18,21.000,68.290,3.780
Einzel-/Zweierbüros,,Büro WMA,3,OKFFB OG 3,02.03.19,25.000,84.070,3.780
Einzel-/Zweierbüros,,Büro WMA,3,OKFFB OG 3,02.03.20,25.000,84.070,3.780
Einzel-/Zweierbüros,,Büro WMA,3,OKFFB OG 3,02.03.21,21.000,68.290,3.780
Einzel-/Zweierbüros,,Büro WMA,3,OKFFB OG 3,02.03.22,21.000,70.700,3.780
Einzel-/Zweierbüros,,Büro WMA,3,OKFFB OG 3,02.03.23,19.000,64.480,3.780
Einzel-/Zweierbüros,,Büro WMA,3,OKFFB OG 3,02.03.24,21.000,70.730,3.780
Einzel-/Zweierbüros,,Büro WHK,3,OKFFB OG 3,02.06.05,61.000,203.420,3.780
Seminar-/Besprechungsräume,,BR klein,3,OKFFB OG 3,02.08.04,15.000,50.550,3.780
Seminar-/Besprechungsräume,,BR klein,3,OKFFB OG 3,02.08.05,20.000,66.100,3.780
ELT-Verteiler,,ELT-V,3,OKFFB OG 3,02.12.01d,1.000,4.630,3.100
ELT-Verteiler,,ELT-V,3,OKFFB OG 3,02.12.01d,1.000,4.630,3.100
Drucker-/Kopierräume,,Copy,3,OKFFB OG 3,02.13.03,11.000,35.960,3.780
WCs,,WC D-3,3,OKFFB OG 3,07_01-3,4.000,11.160,3.780
WCs,,WC H-3,3,OKFFB OG 3,07_02-3,3.000,8.080,3.780
Aufzüge,,Aufzug,3,OKFFB OG 3,08.00.00,3.000,12.470,3.780
Schächte,,Schacht,3,OKFFB OG 3,08.00.00,1.000,3.340,3.780
Schächte,,Schacht-3,3,OKFFB OG 3,08_09-3,6.000,19.540,3.780
Treppenhäuser,,TH2,3,OKFFB OG 3,09.00.00,14.000,47.100,3.780
Treppenhäuser,,TH1,3,OKFFB OG 3,09.00.00,14.000,50.440,3.780
ELT-DV,,DV,3,OKFFB OG 3,09.01.05,7.000,22.510,3.780
"Verkehrsflächen, Flure",,Flur,3,OKFFB OG 3,104,89.000,296.090,3.780
Technikräume,,Dachzentrale HZG/KLT,3,OKFFB TECH,---,134.000,401.950,3.100
Schächte,,Schacht,3,OKFFB TECH,08.00.00,1.000,2.740,3.100
Treppenhäuser,,Treppenhaus,3,OKFFB TECH,128,14.000,42.530,3.100
Schächte,,Schacht,3,OKFFB TECH,129,3.000,10.230,3.100